Datetime,Water Level (m)
2025-06-06 18:00:00,-7.001
2025-06-06 19:00:00,-7.001
2025-06-06 20:00:00,-7.001
2025-06-06 21:00:00,-7.001
2025-06-06 22:00:00,-7.001
2025-06-06 23:00:00,-7.001
2025-06-07 00:00:00,-7.001
2025-06-07 01:00:00,-7.001
2025-06-07 02:00:00,-7.001
2025-06-07 03:00:00,-7.001
2025-06-07 04:00:00,-7.001
2025-06-07 05:00:00,-7.001
2025-06-07 06:00:00,-7.001
2025-06-07 07:00:00,-7.001
2025-06-07 08:00:00,-7.001
2025-06-07 09:00:00,-7.001
2025-06-07 10:00:00,-7.001
2025-06-07 11:00:00,-7.001
2025-06-07 12:00:00,-7.001
2025-06-07 13:00:00,-7.001
2025-06-07 14:00:00,-7.001
2025-06-07 15:00:00,-7.001
2025-06-07 16:00:00,-7.001
2025-06-07 17:00:00,-7.001
2025-06-07 18:00:00,-7.001
2025-06-07 19:00:00,-7.001
2025-06-07 20:00:00,-7.001
2025-06-07 21:00:00,-7.001
2025-06-07 22:00:00,-7.001
2025-06-07 23:00:00,0.12199101
2025-06-08 00:00:00,0.12707339
2025-06-08 01:00:00,0.12942463
2025-06-08 02:00:00,0.13924603
2025-06-08 03:00:00,0.13473438
2025-06-08 04:00:00,0.1416436
2025-06-08 05:00:00,0.14123012
2025-06-08 06:00:00,0.1357784
2025-06-08 07:00:00,0.13279529
2025-06-08 08:00:00,0.12817858
2025-06-08 09:00:00,0.12707686
2025-06-08 10:00:00,0.12923977
2025-06-08 11:00:00,0.13572024
2025-06-08 12:00:00,0.14339817
2025-06-08 13:00:00,0.14951618
2025-06-08 14:00:00,0.1581972
2025-06-08 15:00:00,0.16575612
2025-06-08 16:00:00,0.1720878
2025-06-08 17:00:00,0.17577627
2025-06-08 18:00:00,0.17734823
2025-06-08 19:00:00,0.17772277
2025-06-08 20:00:00,0.17703763
2025-06-08 21:00:00,0.17745845
2025-06-08 22:00:00,0.17878418
2025-06-08 23:00:00,0.18133461
2025-06-09 00:00:00,0.18574958
2025-06-09 01:00:00,0.19100228
2025-06-09 02:00:00,0.19626291
2025-06-09 03:00:00,0.20038104
2025-06-09 04:00:00,0.20318376
2025-06-09 05:00:00,0.20409097
2025-06-09 06:00:00,0.20285168
2025-06-09 07:00:00,0.19993238
2025-06-09 08:00:00,0.19648343
2025-06-09 09:00:00,0.1938567
2025-06-09 10:00:00,0.19361739
2025-06-09 11:00:00,0.19608203
2025-06-09 12:00:00,0.20667645
2025-06-09 13:00:00,0.22905952
2025-06-09 14:00:00,0.25497544
2025-06-09 15:00:00,0.28060353
2025-06-09 16:00:00,0.30681968
2025-06-09 17:00:00,0.33039427
2025-06-09 18:00:00,0.35006985
2025-06-09 19:00:00,0.36585835
2025-06-09 20:00:00,0.37895992
2025-06-09 21:00:00,0.39143208
2025-06-09 22:00:00,0.4048895
2025-06-09 23:00:00,0.41963637
2025-06-10 00:00:00,0.43565303
2025-06-10 01:00:00,0.4522657
2025-06-10 02:00:00,0.46913797
2025-06-10 03:00:00,0.4843445
2025-06-10 04:00:00,0.496678
2025-06-10 05:00:00,0.50622916
2025-06-10 06:00:00,0.5133054
2025-06-10 07:00:00,0.5186398
2025-06-10 08:00:00,0.5234649
2025-06-10 09:00:00,0.5277408
2025-06-10 10:00:00,0.5333881
2025-06-10 11:00:00,0.5420485
2025-06-10 12:00:00,0.5551425
2025-06-10 13:00:00,0.5718252
2025-06-10 14:00:00,0.5896092
2025-06-10 15:00:00,0.6078243
2025-06-10 16:00:00,0.6243334
2025-06-10 17:00:00,0.6372306
2025-06-10 18:00:00,0.64667
2025-06-10 19:00:00,0.6537579
2025-06-10 20:00:00,0.65886486
2025-06-10 21:00:00,0.6628303
2025-06-10 22:00:00,0.66701716
2025-06-10 23:00:00,0.6727504
2025-06-11 00:00:00,0.6809997
2025-06-11 01:00:00,0.691472
2025-06-11 02:00:00,0.7027512
2025-06-11 03:00:00,0.7130894
2025-06-11 04:00:00,0.71814644
2025-06-11 05:00:00,0.72411996
2025-06-11 06:00:00,0.72888374
2025-06-11 07:00:00,0.7327804
2025-06-11 08:00:00,0.7350654
2025-06-11 09:00:00,0.7363507
2025-06-11 10:00:00,0.7379578
2025-06-11 11:00:00,0.74186206
2025-06-11 12:00:00,0.7496666
2025-06-11 13:00:00,0.76133686
2025-06-11 14:00:00,0.7759511
2025-06-11 15:00:00,0.79131025
2025-06-11 16:00:00,0.8056297
2025-06-11 17:00:00,0.81754667
2025-06-11 18:00:00,0.8265618
2025-06-11 19:00:00,0.83348465
2025-06-11 20:00:00,0.83843356
2025-06-11 21:00:00,0.8416898
2025-06-11 22:00:00,0.8438957
2025-06-11 23:00:00,0.8466627
2025-06-12 00:00:00,0.8514085
2025-06-12 01:00:00,0.85846394
2025-06-12 02:00:00,0.86674684
2025-06-12 03:00:00,0.8755105
2025-06-12 04:00:00,0.88344675
2025-06-12 05:00:00,0.8899452
2025-06-12 06:00:00,0.8947884
2025-06-12 07:00:00,0.8981161
2025-06-12 08:00:00,0.9000099
2025-06-12 09:00:00,0.9005355
2025-06-12 10:00:00,0.90064573
2025-06-12 11:00:00,0.9016163
2025-06-12 12:00:00,0.9052086
2025-06-12 13:00:00,0.9122175
2025-06-12 14:00:00,0.92263794
2025-06-12 15:00:00,0.93541324
2025-06-12 16:00:00,0.9489597
2025-06-12 17:00:00,0.96114695
2025-06-12 18:00:00,0.97128034
